Voltage,Current,Temperature,Capacity
2.92898,0,23.87099,2.78074
2.95864,0.14814,23.97615,2.77827
2.9782,0.14814,23.87099,2.7758
2.99573,0.14814,23.97615,2.77332
3.01157,0.15069,23.87099,2.77084
3.02624,0.14814,23.97615,2.76837
3.03989,0.14814,23.97615,2.76589
3.05254,0.14814,23.87099,2.76342
3.06467,0.14814,23.97615,2.76094
3.07613,0.14814,23.87099,2.75847
3.08692,0.14814,23.97615,2.756
3.09737,0.14814,23.87099,2.75352
3.10732,0.15069,23.97615,2.75105
3.11676,0.14814,23.97615,2.74856
3.12586,0.14814,23.87099,2.74609
3.13479,0.14814,23.97615,2.74362
3.14322,0.14814,23.97615,2.74114
3.15148,0.14814,23.97615,2.73867
3.1594,0.14814,24.0813,2.73619
3.16716,0.14814,24.0813,2.73372
3.17458,0.14814,23.97615,2.73125
3.18182,0.14814,23.87099,2.72877
3.18874,0.14814,24.0813,2.7263
3.19548,0.15069,23.97615,2.72383
3.20222,0.15069,23.97615,2.72135
3.20863,0.15069,23.87099,2.71887
3.21486,0.14814,23.97615,2.7164
3.22093,0.14814,23.97615,2.71392
3.22683,0.14814,23.87099,2.71145
3.23256,0.14814,23.87099,2.70897
3.23812,0.14814,23.97615,2.70649
3.24352,0.14814,23.97615,2.70402
3.24891,0.14814,23.87099,2.70155
3.25397,0.14814,23.87099,2.69907
3.25903,0.14814,23.97615,2.6966
3.26391,0.14814,23.87099,2.69412
3.2688,0.14814,23.76583,2.69165
3.27335,0.14814,23.87099,2.68917
3.27791,0.14814,23.87099,2.6867
3.28229,0.14814,23.87099,2.68422
3.2865,0.14814,23.87099,2.68175
3.29072,0.14814,23.87099,2.67928
3.29476,0.14814,23.87099,2.6768
3.29864,0.15069,23.97615,2.67432
3.30252,0.14814,23.97615,2.67185
3.30622,0.14814,23.87099,2.66938
3.30976,0.15069,23.97615,2.66691
3.3133,0.14814,23.97615,2.66443
3.31668,0.14814,23.97615,2.66195
3.32005,0.14814,23.87099,2.65947
3.32308,0.14814,23.87099,2.657
3.32628,0.15069,23.97615,2.65453
3.32915,0.14814,23.87099,2.65206
3.33202,0.14814,23.97615,2.64956
3.33471,0.14814,23.87099,2.64709
3.33741,0.14814,23.87099,2.64462
3.33994,0.14814,23.87099,2.64215
3.34247,0.15069,23.97615,2.63967
3.34483,0.14814,23.87099,2.63719
3.34702,0.15069,23.87099,2.6347
3.34921,0.14814,23.97615,2.63223
3.3514,0.14814,23.76583,2.62975
3.35342,0.14814,23.87099,2.62728
3.35545,0.14814,23.97615,2.62481
3.3573,0.14814,23.97615,2.62232
3.35915,0.15069,23.87099,2.61985
3.36101,0.14814,24.0813,2.61737
3.36269,0.14814,23.97615,2.61489
3.36455,0.14814,23.87099,2.61242
3.36623,0.14814,23.87099,2.60994
3.36792,0.14814,24.0813,2.60747
3.3696,0.15069,23.97615,2.605
3.37129,0.14814,23.87099,2.60252
3.37298,0.14814,23.87099,2.60005
3.37466,0.14814,23.97615,2.59758
3.37618,0.14814,24.0813,2.59511
3.37786,0.14814,23.97615,2.59263
3.37955,0.14814,23.87099,2.59014
3.38124,0.15069,23.87099,2.58767
3.38275,0.14814,23.97615,2.58519
3.38444,0.14814,24.0813,2.58272
3.38612,0.14814,23.87099,2.58024
3.38764,0.14814,23.66067,2.57777
3.38933,0.14814,23.76583,2.5753
3.39101,0.14814,24.0813,2.57282
3.39253,0.15069,24.0813,2.57035
3.39405,0.14814,23.87099,2.56787
3.39573,0.14814,23.66067,2.5654
3.39742,0.14814,23.76583,2.56293
3.39894,0.14814,23.97615,2.56046
3.40045,0.14814,24.0813,2.55799
3.40197,0.15069,23.97615,2.55551
3.40365,0.14814,23.76583,2.55304
3.40517,0.14814,23.66067,2.55057
3.40669,0.14814,23.76583,2.54809
3.40821,0.14814,23.97615,2.54562
3.40972,0.14814,23.97615,2.54315
3.41124,0.15069,23.87099,2.54066
3.41276,0.14814,23.87099,2.53818
3.41427,0.14814,23.87099,2.5357
3.41579,0.14814,23.87099,2.53323
3.41731,0.14814,23.87099,2.53076
3.41883,0.14814,23.87099,2.52828
3.42017,0.14814,23.87099,2.52581
3.42169,0.14814,23.87099,2.52334
3.42321,0.14814,23.87099,2.52086
3.42456,0.14814,23.87099,2.51838
3.42607,0.14814,23.87099,2.51591
3.42742,0.14814,23.87099,2.51343
3.42877,0.14814,23.87099,2.51095
3.43029,0.14814,23.97615,2.50847
3.43164,0.14814,23.87099,2.506
3.43299,0.14814,23.87099,2.50353
3.43433,0.14814,23.87099,2.50105
3.43551,0.14814,23.87099,2.49858
3.43686,0.14814,23.97615,2.4961
3.43804,0.14814,23.87099,2.49363
3.43922,0.14814,23.87099,2.49116
3.44023,0.14814,23.97615,2.48868
3.44141,0.14814,23.87099,2.48621
3.44242,0.14814,23.87099,2.48373
3.44327,0.14814,23.87099,2.48126
3.44428,0.15069,23.97615,2.47878
3.44512,0.14814,23.97615,2.47631
3.44596,0.14814,23.87099,2.47382
3.44664,0.15069,23.87099,2.47134
3.44748,0.14814,23.87099,2.46887
3.44816,0.14814,23.97615,2.4664
3.44883,0.14814,23.97615,2.46393
3.44967,0.14814,23.87099,2.46145
3.45035,0.14814,23.97615,2.45898
3.45102,0.14814,23.97615,2.4565
3.4517,0.15069,23.87099,2.45402
3.4522,0.15069,23.97615,2.45155
3.45288,0.14814,23.97615,2.44908
3.45355,0.14814,23.97615,2.44661
3.45422,0.14814,23.97615,2.44413
3.4549,0.15069,23.97615,2.44166
3.4554,0.14814,23.87099,2.43919
3.45608,0.14814,23.87099,2.43671
3.45675,0.14814,23.87099,2.43424
3.45726,0.14814,23.97615,2.43176
3.45793,0.14814,23.97615,2.42929
3.45861,0.14814,23.87099,2.42681
3.45911,0.14814,23.87099,2.42434
3.45979,0.15069,23.97615,2.42187
3.46046,0.14814,23.87099,2.41939
3.46097,0.14814,23.87099,2.41692
3.46147,0.14814,23.97615,2.41444
3.46215,0.14814,23.97615,2.41197
3.46265,0.14814,23.87099,2.40949
3.46333,0.14814,23.87099,2.40702
3.46383,0.15069,23.87099,2.40454
3.46451,0.14814,23.87099,2.40207
3.46501,0.15069,23.87099,2.39959
3.46569,0.14814,23.87099,2.39712
3.46619,0.14814,23.97615,2.39464
3.46687,0.14814,23.97615,2.39217
3.46737,0.14814,23.87099,2.38969
3.46805,0.14814,23.97615,2.38721
3.46855,0.14814,23.97615,2.38474
3.46923,0.14814,23.97615,2.38227
3.46973,0.14814,23.97615,2.3798
3.47041,0.14814,23.97615,2.37733
3.47091,0.15069,23.97615,2.37486
3.47142,0.14814,23.97615,2.37238
3.47209,0.14814,23.97615,2.36991
3.47277,0.14814,23.97615,2.36743
3.47327,0.14814,23.97615,2.36496
3.47395,0.14814,23.97615,2.36248
3.47445,0.15069,23.97615,2.36001
3.47513,0.14814,23.87099,2.35754
3.47563,0.14814,23.87099,2.35506
3.47631,0.14814,23.87099,2.35259
3.47681,0.14814,23.87099,2.35011
3.47749,0.14814,23.87099,2.34763
3.47816,0.14814,23.87099,2.34516
3.47883,0.15069,23.97615,2.34268
3.47934,0.14814,23.87099,2.34021
3.48001,0.14814,23.87099,2.33773
3.48069,0.14814,23.97615,2.33526
3.48136,0.14814,23.97615,2.33279
3.48204,0.15069,23.87099,2.33031
3.48271,0.14814,23.76583,2.32784
3.48339,0.14814,23.97615,2.32536
3.48406,0.14814,24.0813,2.32288
3.48473,0.14814,23.76583,2.32041
3.48541,0.14814,23.76583,2.31794
3.48608,0.15069,23.97615,2.31546
3.48676,0.14814,23.97615,2.31298
3.4876,0.14814,23.76583,2.31051
3.48827,0.14814,23.66067,2.30804
3.48912,0.14814,23.97615,2.30557
3.48979,0.14814,24.18646,2.3031
3.49063,0.15069,24.18646,2.30062
3.49131,0.14814,23.97615,2.29814
3.49215,0.14814,23.66067,2.29567
3.49299,0.14814,23.66067,2.29319
3.49384,0.15069,23.76583,2.29072
3.49468,0.14814,24.0813,2.28825
3.49552,0.14814,23.97615,2.28575
3.49637,0.14814,23.87099,2.28328
3.49721,0.14814,23.76583,2.28081
3.49805,0.15069,23.76583,2.27833
3.49906,0.14814,23.66067,2.27585
3.49991,0.14814,23.87099,2.27337
3.50075,0.14814,23.97615,2.2709
3.50176,0.14814,23.87099,2.26843
3.5026,0.14814,23.87099,2.26595
3.50361,0.14814,23.87099,2.26348
3.50463,0.14814,23.76583,2.261
3.50547,0.14814,23.87099,2.25853
3.50648,0.14814,23.87099,2.25605
3.50749,0.14814,23.76583,2.25358
3.5085,0.14814,23.76583,2.2511
3.50951,0.14814,23.87099,2.24863
3.51036,0.15069,23.87099,2.24615
3.51137,0.14814,23.76583,2.24368
3.51238,0.14814,23.87099,2.2412
3.51356,0.14814,23.87099,2.23873
3.51457,0.14814,23.87099,2.23626
3.51558,0.14814,23.97615,2.23378
3.51642,0.14814,23.87099,2.23131
3.5176,0.14814,23.87099,2.22884
3.51862,0.14814,23.97615,2.22635
3.51963,0.14814,23.87099,2.22387
3.52064,0.14814,23.87099,2.2214
3.52165,0.14814,23.97615,2.21892
3.52266,0.14814,23.87099,2.21645
3.52367,0.15069,23.97615,2.21397
3.52468,0.14814,23.87099,2.2115
3.5257,0.14814,23.97615,2.20903
3.52671,0.14814,23.87099,2.20655
3.52772,0.14814,23.87099,2.20408
3.52873,0.14814,23.97615,2.2016
3.52974,0.14814,23.97615,2.19913
3.53058,0.14814,23.76583,2.19666
3.5316,0.14814,23.76583,2.19419
3.53261,0.14814,24.0813,2.19171
3.53345,0.14814,23.97615,2.18923
3.53446,0.14814,23.87099,2.18676
3.53547,0.14814,23.76583,2.18429
3.53632,0.14814,23.87099,2.18181
3.53733,0.14814,24.0813,2.17934
3.53817,0.14814,23.87099,2.17687
3.53901,0.14814,23.76583,2.17439
3.54002,0.14814,23.97615,2.17192
3.54087,0.14814,24.0813,2.16945
3.54171,0.14814,23.87099,2.16697
3.54272,0.14814,23.76583,2.1645
3.54356,0.14814,23.76583,2.16203
3.54457,0.14814,23.97615,2.15955
3.54542,0.14814,23.97615,2.15708
3.54626,0.14814,23.97615,2.1546
3.54727,0.14814,23.76583,2.15213
3.54811,0.14814,23.87099,2.14965
3.54896,0.14814,23.87099,2.14718
3.54997,0.14814,23.87099,2.14471
3.55081,0.14814,23.87099,2.14224
3.55182,0.14814,23.87099,2.13976
3.55267,0.14814,23.87099,2.13729
3.55368,0.14814,23.97615,2.13482
3.55452,0.14814,23.87099,2.13235
3.55553,0.14814,23.87099,2.12987
3.55654,0.14814,23.87099,2.12739
3.55739,0.14814,23.97615,2.12492
3.5584,0.14814,23.87099,2.12244
3.55924,0.14814,23.87099,2.11997
3.56025,0.14814,23.87099,2.11749
3.56109,0.15069,23.87099,2.115
3.56211,0.14814,23.97615,2.11252
3.56295,0.15069,23.97615,2.11005
3.56379,0.15069,23.97615,2.10756
3.5648,0.14814,23.87099,2.10509
3.56565,0.14814,23.87099,2.10261
3.56649,0.14814,23.97615,2.10014
3.56733,0.15069,23.97615,2.09766
3.56817,0.14814,23.87099,2.09519
3.56902,0.14814,23.97615,2.09271
3.56986,0.14814,23.97615,2.09024
3.5707,0.14814,23.97615,2.08776
3.57138,0.14814,23.87099,2.08529
3.57222,0.14814,23.97615,2.08281
3.57306,0.14814,23.87099,2.08034
3.57374,0.15069,23.87099,2.07786
3.57458,0.14814,23.87099,2.07539
3.57525,0.14814,23.87099,2.07292
3.5761,0.14814,23.87099,2.07043
3.57677,0.14814,23.97615,2.06796
3.57761,0.15069,23.97615,2.06548
3.57829,0.14814,23.87099,2.06301
3.57913,0.14814,23.76583,2.06054
3.57997,0.14814,23.97615,2.05806
3.58065,0.14814,23.87099,2.05559
3.58149,0.14814,23.76583,2.05311
3.58233,0.14814,23.87099,2.05064
3.58301,0.14814,23.87099,2.04816
3.58385,0.14814,23.87099,2.04569
3.58469,0.14814,23.87099,2.04321
3.58554,0.14814,23.87099,2.04074
3.58638,0.14814,23.87099,2.03827
3.58722,0.15069,23.87099,2.03579
3.58806,0.14814,23.87099,2.03332
3.58908,0.15069,23.87099,2.03084
3.58992,0.14814,23.97615,2.02838
3.59076,0.14814,23.97615,2.0259
3.5916,0.14814,23.87099,2.02343
3.59262,0.14814,23.87099,2.02096
3.59346,0.14814,23.97615,2.01848
3.59447,0.14814,23.97615,2.01601
3.59531,0.14814,23.87099,2.01354
3.59632,0.14814,23.97615,2.01106
3.59717,0.14814,24.0813,2.00859
3.59818,0.14814,24.0813,2.00611
3.59902,0.14814,23.87099,2.00364
3.60003,0.14814,23.97615,2.00117
3.60088,0.14814,24.0813,1.9987
3.60172,0.14814,23.87099,1.99623
3.60256,0.14814,23.87099,1.99375
3.6034,0.14814,23.97615,1.99127
3.60425,0.14814,24.0813,1.98879
3.60509,0.14814,23.97615,1.98632
3.60593,0.15069,23.87099,1.98384
3.60661,0.15069,23.87099,1.98137
3.60728,0.14814,24.0813,1.97889
3.60796,0.14814,23.97615,1.97642
3.60863,0.14814,23.97615,1.97395
3.6093,0.14814,23.66067,1.97148
3.60998,0.14814,23.87099,1.96901
3.61048,0.14814,24.0813,1.96653
3.61099,0.14814,23.97615,1.96406
3.61166,0.14814,23.66067,1.96159
3.61217,0.14814,23.76583,1.95912
3.61267,0.14814,24.0813,1.95665
3.61335,0.14814,24.18646,1.95418
3.61385,0.14814,23.55551,1.9517
3.61436,0.14814,23.66067,1.94922
3.61487,0.14814,24.18646,1.94675
3.61537,0.14814,24.29162,1.94428
3.61588,0.14814,23.97615,1.9418
3.61638,0.14814,23.55551,1.93933
3.61689,0.14814,23.66067,1.93686
3.61756,0.14814,23.76583,1.93439
3.61807,0.14814,23.97615,1.93192
3.61841,0.14814,23.97615,1.92943
3.61891,0.14814,23.87099,1.92696
3.61942,0.14814,23.76583,1.92448
3.61992,0.14814,23.66067,1.92201
3.62043,0.14814,23.87099,1.91954
3.6211,0.14814,23.87099,1.91706
3.62144,0.14814,23.87099,1.91459
3.62195,0.14814,23.76583,1.91211
3.62245,0.14814,23.87099,1.90963
3.62296,0.14814,23.87099,1.90717
3.62346,0.14814,23.87099,1.90469
3.62397,0.14814,23.76583,1.90222
3.62447,0.14814,23.87099,1.89975
3.62498,0.14814,23.76583,1.89727
3.62532,0.14814,23.87099,1.8948
3.62582,0.14814,23.87099,1.89232
3.62633,0.14814,23.87099,1.88985
3.62683,0.14814,23.76583,1.88738
3.62734,0.14814,23.87099,1.88491
3.62785,0.14814,23.76583,1.88243
3.62818,0.14814,23.76583,1.87996
3.62869,0.14814,23.87099,1.87748
3.62919,0.14814,23.87099,1.87501
3.6297,0.14814,23.87099,1.87253
3.63004,0.14814,23.87099,1.87006
3.63054,0.14814,23.87099,1.86758
3.63105,0.14814,23.87099,1.86511
3.63139,0.14814,23.87099,1.86264
3.63189,0.15069,23.87099,1.86016
3.6324,0.14814,23.76583,1.85769
3.63273,0.14814,23.87099,1.85521
3.63324,0.14814,23.87099,1.85274
3.63375,0.14814,23.76583,1.85027
3.63408,0.15069,23.76583,1.84779
3.63459,0.14814,23.76583,1.84532
3.63493,0.14814,23.87099,1.84285
3.63543,0.14814,23.87099,1.84037
3.63577,0.14814,23.87099,1.8379
3.63627,0.15069,23.76583,1.83543
3.63661,0.14814,23.87099,1.83295
3.63712,0.14814,23.87099,1.83048
3.63745,0.14814,23.87099,1.828
3.63796,0.14814,23.76583,1.82553
3.6383,0.15069,23.76583,1.82306
3.63863,0.14814,23.87099,1.82058
3.63914,0.14814,23.87099,1.81811
3.63948,0.14814,23.76583,1.81562
3.63998,0.14814,23.76583,1.81315
3.64049,0.15069,23.76583,1.81068
3.64083,0.15069,23.76583,1.8082
3.64116,0.14814,23.76583,1.80573
3.64167,0.14814,23.76583,1.80325
3.64201,0.14814,23.87099,1.80078
3.64251,0.14814,23.87099,1.7983
3.64285,0.14814,23.76583,1.79583
3.64335,0.14814,23.76583,1.79336
3.64369,0.14814,23.87099,1.79088
3.64403,0.14814,23.87099,1.78841
3.64453,0.14814,23.87099,1.78594
3.64487,0.14814,23.76583,1.78346
3.64538,0.14814,23.76583,1.78099
3.64571,0.14814,23.87099,1.77851
3.64622,0.14814,23.76583,1.77604
3.64656,0.14814,23.76583,1.77357
3.64689,0.14814,23.76583,1.7711
3.6474,0.14814,23.76583,1.76863
3.64774,0.14814,23.87099,1.76615
3.64824,0.14814,23.87099,1.76368
3.64858,0.14814,23.87099,1.7612
3.64908,0.14814,23.76583,1.75873
3.64942,0.15069,23.66067,1.75626
3.64993,0.14814,23.87099,1.75379
3.65026,0.14814,23.76583,1.75131
3.65077,0.14814,23.76583,1.74884
3.65111,0.14814,23.76583,1.74636
3.65161,0.14814,23.87099,1.74389
3.65195,0.15069,23.87099,1.74141
3.65246,0.14814,23.76583,1.73894
3.65279,0.14814,23.87099,1.73647
3.6533,0.14814,23.87099,1.734
3.65364,0.14814,23.76583,1.73153
3.65414,0.14814,23.76583,1.72905
3.65448,0.14814,23.87099,1.72658
3.65498,0.14814,23.97615,1.72411
3.65532,0.14814,23.76583,1.72164
3.65583,0.14814,23.76583,1.71916
3.65633,0.14814,23.97615,1.71669
3.65667,0.14814,23.97615,1.71421
3.65718,0.15069,23.76583,1.71174
3.65751,0.14814,23.66067,1.70926
3.65802,0.14814,23.87099,1.70677
3.65836,0.14814,23.97615,1.7043
3.65886,0.14814,23.76583,1.70183
3.6592,0.14814,23.55551,1.69935
3.6597,0.14814,23.76583,1.69688
3.66021,0.14814,24.0813,1.6944
3.66055,0.14814,24.0813,1.69193
3.66105,0.14814,23.76583,1.68945
3.66139,0.15069,23.66067,1.68698
3.6619,0.14814,23.76583,1.6845
3.6624,0.14814,23.97615,1.68202
3.66274,0.14814,23.97615,1.67955
3.66324,0.14814,23.87099,1.67707
3.66375,0.14814,23.87099,1.6746
3.66409,0.14814,23.66067,1.67213
3.66459,0.15069,23.87099,1.66965
3.6651,0.14814,23.97615,1.66718
3.66544,0.15069,23.87099,1.6647
3.66594,0.14814,23.87099,1.66222
3.66645,0.14814,23.87099,1.65975
3.66678,0.14814,23.87099,1.65727
3.66729,0.14814,23.87099,1.6548
3.6678,0.14814,23.87099,1.65232
3.66813,0.14814,23.87099,1.64985
3.66864,0.15069,23.76583,1.64737
3.66914,0.14814,23.76583,1.6449
3.66965,0.14814,23.87099,1.64242
3.67016,0.14814,23.76583,1.63995
3.67049,0.14814,23.87099,1.63747
3.671,0.14814,23.87099,1.635
3.6715,0.14814,23.87099,1.63252
3.67201,0.14814,23.76583,1.63005
3.67252,0.14814,23.87099,1.62758
3.67302,0.14814,23.87099,1.62511
3.67336,0.14814,23.87099,1.62263
3.67386,0.14814,23.87099,1.62016
3.67437,0.14814,23.87099,1.61768
3.67488,0.14814,23.97615,1.61521
3.67538,0.14814,23.87099,1.61273
3.67589,0.14814,23.76583,1.61026
3.67639,0.14814,23.87099,1.60779
3.6769,0.14814,23.87099,1.60531
3.6774,0.14814,23.97615,1.60284
3.67791,0.14814,23.87099,1.60037
3.67842,0.14814,23.87099,1.5979
3.67892,0.14814,23.76583,1.59544
3.67943,0.14814,23.76583,1.59296
3.67993,0.14814,23.87099,1.59049
3.68044,0.14814,23.87099,1.58801
3.68094,0.14814,23.97615,1.58554
3.68145,0.14814,23.87099,1.58307
3.68195,0.14814,23.97615,1.5806
3.68246,0.14814,23.87099,1.57812
3.68297,0.14814,23.87099,1.57565
3.68347,0.14814,23.76583,1.57318
3.68398,0.14814,23.87099,1.5707
3.68448,0.14814,23.87099,1.56823
3.68516,0.14814,23.76583,1.56575
3.68566,0.14814,23.87099,1.56328
3.68617,0.14814,23.97615,1.56081
3.68667,0.14814,23.97615,1.55833
3.68718,0.14814,23.76583,1.55586
3.68785,0.15069,23.97615,1.55338
3.68836,0.14814,23.97615,1.55091
3.68887,0.14814,23.87099,1.54843
3.68937,0.14814,23.76583,1.54595
3.68988,0.14814,23.76583,1.54346
3.69055,0.14814,23.97615,1.54099
3.69106,0.14814,23.97615,1.53851
3.69156,0.14814,23.66067,1.53604
3.69224,0.14814,23.55551,1.53356
3.69274,0.14814,23.87099,1.53109
3.69325,0.14814,23.97615,1.52861
3.69392,0.14814,23.87099,1.52614
3.69443,0.14814,23.97615,1.52367
3.6951,0.14814,23.66067,1.52119
3.69561,0.14814,23.76583,1.51871
3.69611,0.14814,23.87099,1.51624
3.69679,0.14814,23.97615,1.51377
3.69729,0.14814,23.97615,1.51129
3.69797,0.14814,23.87099,1.50882
3.69847,0.14814,23.76583,1.50634
3.69915,0.14814,23.87099,1.50386
3.69965,0.14814,23.87099,1.50139
3.70033,0.14814,23.97615,1.49891
3.701,0.14814,23.97615,1.49644
3.70151,0.14814,23.87099,1.49396
3.70218,0.14814,23.87099,1.49149
3.70286,0.14814,23.87099,1.48901
3.70336,0.14814,23.97615,1.48654
3.70404,0.15069,23.97615,1.48406
3.70471,0.14814,23.87099,1.48159
3.70522,0.14814,23.76583,1.47911
3.70589,0.14814,23.87099,1.47664
3.70657,0.14814,23.87099,1.47417
3.70707,0.14814,23.87099,1.47169
3.70775,0.14814,23.76583,1.46922
3.70842,0.14814,23.87099,1.46675
3.70909,0.14814,23.87099,1.46427
3.7096,0.14814,23.87099,1.4618
3.71027,0.14814,23.76583,1.45932
3.71095,0.14814,23.76583,1.45685
3.71162,0.14814,23.87099,1.45438
3.7123,0.14814,23.76583,1.45191
3.71297,0.14814,23.97615,1.44943
3.71365,0.15069,23.97615,1.44696
3.71432,0.14814,23.87099,1.44449
3.71499,0.14814,23.87099,1.44201
3.71567,0.14814,23.87099,1.43954
3.71634,0.14814,23.87099,1.43706
3.71702,0.14814,23.87099,1.43459
3.71769,0.14814,23.97615,1.43211
3.71836,0.14814,23.87099,1.42964
3.71904,0.14814,23.76583,1.42717
3.71971,0.14814,23.76583,1.42469
3.72039,0.14814,23.87099,1.42222
3.72106,0.15069,23.97615,1.41975
3.72174,0.14814,23.87099,1.41727
3.72241,0.14814,23.66067,1.4148
3.72308,0.14814,23.87099,1.41232
3.72376,0.14814,24.0813,1.40984
3.7246,0.14814,23.87099,1.40737
3.72528,0.14814,23.55551,1.4049
3.72595,0.14814,23.66067,1.40242
3.72662,0.15069,24.0813,1.39995
3.72747,0.14814,24.0813,1.39747
3.72814,0.14814,23.97615,1.395
3.72882,0.14814,23.55551,1.39252
3.72949,0.14814,23.55551,1.39005
3.73033,0.14814,23.87099,1.38757
3.73101,0.15069,23.97615,1.3851
3.73168,0.14814,23.97615,1.38263
3.73252,0.14814,23.97615,1.38015
3.7332,0.14814,23.87099,1.37768
3.73387,0.14814,23.76583,1.3752
3.73472,0.15069,23.66067,1.37273
3.73539,0.14814,23.87099,1.37025
3.73606,0.14814,23.87099,1.36776
3.73691,0.14814,23.97615,1.36529
3.73758,0.14814,23.87099,1.36282
3.73842,0.14814,23.76583,1.36034
3.7391,0.14814,23.76583,1.35787
3.73994,0.14814,23.76583,1.35539
3.74062,0.14814,23.87099,1.35291
3.74146,0.14814,23.87099,1.35044
3.74213,0.14814,23.76583,1.34797
3.74298,0.14814,23.76583,1.3455
3.74365,0.14814,23.87099,1.34303
3.74449,0.14814,23.76583,1.34055
3.74517,0.15069,23.87099,1.33806
3.74601,0.14814,23.87099,1.33558
3.74668,0.15069,23.97615,1.3331
3.74753,0.14814,23.87099,1.33062
3.74837,0.15069,23.87099,1.32813
3.74904,0.14814,23.87099,1.32566
3.74989,0.14814,23.97615,1.32318
3.75073,0.14814,23.97615,1.32071
3.7514,0.14814,23.87099,1.31824
3.75225,0.14814,23.87099,1.31577
3.75292,0.14814,23.97615,1.3133
3.75376,0.14814,23.87099,1.31083
3.75461,0.15069,24.0813,1.30835
3.75528,0.14814,23.87099,1.30586
3.75612,0.14814,23.87099,1.30339
3.75697,0.14814,23.97615,1.30091
3.75781,0.15069,23.97615,1.29843
3.75848,0.14814,23.76583,1.29595
3.75933,0.14814,23.97615,1.29348
3.76017,0.14814,23.97615,1.29101
3.76084,0.14814,23.87099,1.28854
3.76169,0.14814,23.87099,1.28606
3.76253,0.15069,23.87099,1.28359
3.76337,0.14814,23.87099,1.28111
3.76421,0.15069,23.76583,1.27863
3.76489,0.14814,23.76583,1.27615
3.76573,0.14814,23.97615,1.27367
3.76657,0.14814,23.87099,1.27119
3.76742,0.14814,23.76583,1.26872
3.76826,0.14814,23.76583,1.26624
3.76893,0.14814,24.18646,1.26376
3.76978,0.14814,23.87099,1.26129
3.77062,0.15069,23.66067,1.25882
3.77146,0.15069,23.87099,1.25634
3.77231,0.14814,24.0813,1.25387
3.77315,0.14814,23.87099,1.2514
3.77399,0.14814,23.66067,1.24892
3.77483,0.14814,23.97615,1.24645
3.77551,0.14814,24.0813,1.24397
3.77635,0.15069,23.66067,1.2415
3.77719,0.14814,23.66067,1.23902
3.77804,0.14814,23.97615,1.23654
3.77888,0.15069,24.0813,1.23406
3.77972,0.14814,23.87099,1.23158
3.78057,0.14814,23.76583,1.22911
3.78141,0.14814,23.76583,1.22663
3.78225,0.15069,23.97615,1.22416
3.78309,0.14814,23.97615,1.22168
3.78394,0.14814,23.97615,1.21921
3.78478,0.14814,23.87099,1.21673
3.78562,0.14814,23.87099,1.21425
3.78647,0.14814,23.76583,1.21178
3.78731,0.15069,23.87099,1.2093
3.78815,0.14814,23.87099,1.20681
3.78916,0.15069,23.76583,1.20433
3.79,0.14814,23.87099,1.20185
3.79085,0.14814,23.87099,1.19937
3.79169,0.14814,23.87099,1.1969
3.79253,0.14814,23.87099,1.19442
3.79354,0.14814,23.87099,1.19195
3.79439,0.14814,23.87099,1.18947
3.79523,0.14814,23.76583,1.187
3.79607,0.14814,23.87099,1.18453
3.79708,0.14814,23.87099,1.18206
3.79793,0.14814,23.87099,1.17958
3.79877,0.14814,23.87099,1.17711
3.79978,0.14814,23.87099,1.17464
3.80079,0.14814,23.87099,1.17216
3.80164,0.14814,23.97615,1.16968
3.80265,0.15069,23.87099,1.16721
3.80349,0.15069,23.87099,1.16473
3.8045,0.14814,23.87099,1.16226
3.80551,0.14814,23.87099,1.15978
3.80652,0.14814,23.87099,1.15731
3.80737,0.14814,23.87099,1.15483
3.80838,0.14814,23.97615,1.15236
3.80939,0.14814,23.87099,1.14989
3.8104,0.15069,23.87099,1.1474
3.81141,0.15069,23.97615,1.14493
3.81259,0.14814,23.87099,1.14245
3.8136,0.14814,23.97615,1.13998
3.81478,0.14814,23.87099,1.1375
3.8158,0.15069,23.87099,1.13502
3.81698,0.14814,23.97615,1.13255
3.81816,0.14814,23.87099,1.13007
3.81934,0.14814,23.97615,1.1276
3.82052,0.15069,23.87099,1.12513
3.82169,0.14814,23.87099,1.12266
3.82287,0.14814,23.87099,1.12017
3.82422,0.14814,23.87099,1.1177
3.82557,0.14814,23.87099,1.11522
3.82675,0.14814,23.87099,1.11275
3.8281,0.14814,23.76583,1.11028
3.82945,0.14814,23.87099,1.1078
3.8308,0.14814,23.87099,1.10533
3.83215,0.14814,23.76583,1.10286
3.83349,0.14814,23.76583,1.10038
3.83484,0.15069,23.87099,1.0979
3.83619,0.14814,23.97615,1.09543
3.83754,0.14814,23.97615,1.09296
3.83872,0.15069,23.76583,1.09049
3.84007,0.14814,23.76583,1.08801
3.84125,0.14814,23.87099,1.08554
3.84243,0.14814,23.87099,1.08306
3.84378,0.14814,23.76583,1.08058
3.84496,0.14814,23.76583,1.07811
3.84597,0.14814,23.76583,1.07564
3.84715,0.14814,23.76583,1.07316
3.84816,0.15069,23.87099,1.07069
3.84917,0.14814,23.76583,1.06822
3.85018,0.14814,23.76583,1.06574
3.85103,0.14814,23.76583,1.06326
3.85204,0.14814,23.76583,1.06079
3.85288,0.14814,23.87099,1.05832
3.85372,0.14814,23.76583,1.05585
3.85473,0.14814,23.87099,1.05337
3.85558,0.14814,23.87099,1.0509
3.85642,0.14814,23.97615,1.04843
3.85726,0.14814,23.87099,1.04595
3.8581,0.14814,23.76583,1.04348
3.85895,0.15069,23.97615,1.041
3.85962,0.14814,23.97615,1.03852
3.86046,0.14814,23.87099,1.03605
3.86131,0.14814,23.87099,1.03356
3.86215,0.14814,23.97615,1.03108
3.86282,0.14814,23.87099,1.02862
3.86367,0.14814,23.76583,1.02614
3.86451,0.14814,23.87099,1.02367
3.86518,0.14814,23.87099,1.02119
3.86603,0.14814,23.87099,1.01872
3.86687,0.14814,23.87099,1.01625
3.86754,0.14814,23.87099,1.01377
3.86839,0.14814,23.87099,1.01129
3.86906,0.14814,23.87099,1.00882
3.8699,0.14814,23.87099,1.00634
3.87058,0.14814,23.87099,1.00387
3.87142,0.14814,23.87099,1.0014
3.8721,0.14814,23.87099,0.99893
3.87277,0.14814,23.97615,0.99646
3.87344,0.15069,23.87099,0.99398
3.87429,0.14814,23.87099,0.9915
3.87496,0.14814,23.87099,0.98903
3.87564,0.14814,23.87099,0.98655
3.87631,0.15069,23.87099,0.98408
3.87698,0.14814,23.87099,0.98161
3.87766,0.14814,23.87099,0.97914
3.8785,0.14814,23.87099,0.97666
3.87918,0.14814,23.87099,0.97418
3.87985,0.14814,23.97615,0.97171
3.88052,0.14814,23.97615,0.96923
3.8812,0.14814,23.87099,0.96676
3.88187,0.14814,23.87099,0.96429
3.88255,0.14814,23.87099,0.96181
3.88322,0.14814,23.87099,0.95934
3.88373,0.14814,23.87099,0.95686
3.8844,0.15069,23.97615,0.95439
3.88508,0.14814,23.87099,0.95191
3.88575,0.14814,23.87099,0.94944
3.88642,0.15069,23.87099,0.94696
3.8871,0.14814,23.87099,0.94448
3.88777,0.14814,23.97615,0.942
3.88845,0.14814,23.87099,0.93953
3.88912,0.14814,23.76583,0.93706
3.88963,0.15069,23.87099,0.93459
3.8903,0.14814,23.87099,0.93211
3.89098,0.14814,23.87099,0.92963
3.89165,0.14814,23.76583,0.92716
3.89232,0.14814,23.87099,0.92469
3.89283,0.14814,23.87099,0.92221
3.8935,0.15069,23.87099,0.91973
3.89418,0.14814,23.87099,0.91726
3.89485,0.14814,23.97615,0.91479
3.89536,0.14814,23.87099,0.91231
3.89603,0.14814,23.87099,0.90984
3.89671,0.14814,23.76583,0.90737
3.89738,0.14814,23.87099,0.9049
3.89789,0.14814,23.76583,0.90242
3.89856,0.14814,23.87099,0.89995
3.89923,0.14814,23.76583,0.89748
3.89974,0.14814,23.87099,0.895
3.90041,0.14814,23.87099,0.89253
3.90109,0.14814,23.87099,0.89005
3.90176,0.15069,23.76583,0.88758
3.90227,0.14814,23.87099,0.8851
3.90277,0.14814,23.97615,0.88262
3.90345,0.14814,23.87099,0.88015
3.90412,0.14814,23.87099,0.87768
3.90463,0.14814,23.76583,0.87519
3.9053,0.14814,23.76583,0.87272
3.90598,0.14814,23.87099,0.87025
3.90648,0.14814,23.87099,0.86777
3.90716,0.14814,23.87099,0.8653
3.90783,0.14814,23.87099,0.86282
3.90834,0.15069,23.87099,0.86034
3.90901,0.15069,23.97615,0.85787
3.90952,0.15069,23.97615,0.8554
3.91019,0.14814,23.87099,0.8529
3.91087,0.14814,23.76583,0.85043
3.91137,0.14814,23.76583,0.84795
3.91205,0.14814,23.76583,0.84548
3.91255,0.14814,23.97615,0.843
3.91323,0.14814,23.97615,0.84053
3.9139,0.14814,23.66067,0.83806
3.91441,0.14814,23.66067,0.83558
3.91508,0.14814,23.87099,0.83311
3.91575,0.15069,24.0813,0.83063
3.91626,0.14814,23.97615,0.82815
3.91693,0.14814,23.97615,0.82568
3.91744,0.14814,23.76583,0.82319
3.91811,0.14814,23.66067,0.82071
3.91862,0.14814,23.66067,0.81824
3.91929,0.14814,23.97615,0.81576
3.91997,0.14814,24.0813,0.81329
3.92047,0.14814,23.97615,0.81082
3.92115,0.14814,23.87099,0.80834
3.92165,0.15069,23.76583,0.80585
3.92233,0.14814,23.66067,0.80338
3.923,0.14814,23.76583,0.80091
3.92368,0.14814,23.97615,0.79844
3.92418,0.14814,23.87099,0.79596
3.92486,0.15069,23.87099,0.79349
3.92536,0.14814,23.76583,0.79101
3.92604,0.14814,23.87099,0.78854
3.92654,0.14814,23.87099,0.78606
3.92722,0.15069,23.87099,0.78358
3.92772,0.14814,23.87099,0.78109
3.9284,0.14814,23.87099,0.77863
3.92907,0.15069,23.87099,0.77615
3.92958,0.14814,23.87099,0.77368
3.93025,0.14814,23.97615,0.77121
3.93092,0.14814,23.76583,0.76874
3.93143,0.14814,23.87099,0.76626
3.9321,0.14814,23.87099,0.76378
3.93278,0.14814,23.87099,0.76131
3.93328,0.15069,23.87099,0.75883
3.93396,0.14814,23.76583,0.75636
3.93463,0.14814,23.76583,0.75388
3.93531,0.14814,23.76583,0.75141
3.93581,0.14814,23.87099,0.74894
3.93649,0.15069,23.87099,0.74647
3.93716,0.14814,23.87099,0.74399
3.93784,0.14814,23.87099,0.74152
3.93834,0.14814,23.76583,0.73905
3.93902,0.14814,23.76583,0.73657
3.93969,0.14814,23.87099,0.7341
3.94036,0.14814,23.76583,0.73163
3.94104,0.14814,23.76583,0.72915
3.94154,0.14814,23.87099,0.72668
3.94222,0.14814,23.87099,0.72421
3.94289,0.15069,23.76583,0.72173
3.94357,0.14814,23.76583,0.71926
3.94424,0.14814,23.87099,0.71679
3.94492,0.14814,23.87099,0.71431
3.94542,0.14814,23.87099,0.71183
3.9461,0.14814,23.76583,0.70936
3.94677,0.14814,23.87099,0.70689
3.94744,0.14814,23.76583,0.70442
3.94812,0.15069,23.87099,0.70194
3.94879,0.14814,23.87099,0.69946
3.94947,0.15069,23.87099,0.69698
3.95014,0.14814,23.76583,0.69451
3.95082,0.15069,23.87099,0.69203
3.95149,0.14814,23.87099,0.68956
3.95216,0.14814,23.87099,0.68708
3.95284,0.14814,23.87099,0.6846
3.95351,0.14814,23.97615,0.68213
3.95436,0.15069,23.87099,0.67965
3.95503,0.14814,23.87099,0.67718
3.9557,0.14814,23.87099,0.6747
3.95638,0.14814,23.87099,0.67223
3.95705,0.14814,23.87099,0.66975
3.95773,0.14814,23.76583,0.66728
3.9584,0.14814,23.76583,0.6648
3.95924,0.14814,23.87099,0.66233
3.95992,0.15069,23.76583,0.65985
3.96059,0.14814,23.76583,0.65738
3.96127,0.14814,23.76583,0.6549
3.96194,0.14814,23.87099,0.65243
3.96278,0.14814,23.97615,0.64995
3.96346,0.14814,23.76583,0.64748
3.96413,0.14814,23.76583,0.645
3.96497,0.15069,23.76583,0.64252
3.96565,0.14814,24.0813,0.64005
3.96649,0.14814,23.97615,0.63758
3.96717,0.14814,23.66067,0.6351
3.96784,0.14814,23.66067,0.63262
3.96868,0.14814,23.87099,0.63014
3.96936,0.15069,24.0813,0.62766
3.97003,0.15069,24.0813,0.62519
3.97087,0.14814,23.66067,0.62271
3.97155,0.14814,23.55551,0.62024
3.97239,0.14814,23.66067,0.61777
3.97307,0.14814,23.87099,0.61529
3.97391,0.15069,24.0813,0.61282
3.97475,0.14814,23.97615,0.61034
3.97543,0.14814,23.87099,0.60786
3.97627,0.14814,23.76583,0.60539
3.97694,0.14814,23.87099,0.60291
3.97779,0.14814,23.87099,0.60044
3.97863,0.14814,23.97615,0.59796
3.9793,0.14814,23.87099,0.59549
3.98015,0.15069,23.87099,0.59302
3.98082,0.14814,23.76583,0.59054
3.98166,0.14814,23.87099,0.58807
3.98251,0.15069,23.87099,0.58559
3.98335,0.14814,23.87099,0.58311
3.98402,0.14814,23.87099,0.58064
3.98487,0.14814,23.87099,0.57817
3.98571,0.14814,23.87099,0.57569
3.98655,0.14814,23.87099,0.57321
3.98723,0.14814,23.87099,0.57074
3.98807,0.14814,23.87099,0.56827
3.98891,0.14814,23.87099,0.5658
3.98975,0.14814,23.87099,0.56333
3.9906,0.14814,23.76583,0.56085
3.99144,0.14814,23.87099,0.55838
3.99228,0.14814,23.87099,0.5559
3.99296,0.14814,23.76583,0.55344
3.9938,0.15069,23.97615,0.55095
3.99464,0.14814,23.87099,0.54848
3.99549,0.14814,23.97615,0.54599
3.99633,0.14814,23.87099,0.54352
3.99717,0.15069,23.87099,0.54105
3.99801,0.14814,23.97615,0.53857
3.99886,0.14814,23.97615,0.5361
3.9997,0.14814,23.97615,0.53363
4.00054,0.14814,23.87099,0.53116
4.00138,0.14814,23.87099,0.52868
4.00223,0.15069,23.87099,0.52621
4.00324,0.14814,23.97615,0.52373
4.00391,0.14814,23.87099,0.52126
4.00492,0.14814,23.97615,0.51878
4.00577,0.14814,23.97615,0.5163
4.00661,0.15069,23.87099,0.51383
4.00745,0.14814,23.87099,0.51136
4.0083,0.14814,23.97615,0.50889
4.00914,0.14814,23.97615,0.50641
4.00998,0.14814,23.87099,0.50393
4.01082,0.14814,23.76583,0.50146
4.01167,0.14814,24.0813,0.49898
4.01251,0.14814,23.97615,0.4965
4.01352,0.14814,23.87099,0.49403
4.01436,0.14814,23.76583,0.49155
4.01521,0.14814,23.87099,0.48907
4.01605,0.14814,23.97615,0.48659
4.01689,0.14814,23.87099,0.48412
4.01774,0.14814,23.76583,0.48165
4.01858,0.14814,23.87099,0.47918
4.01959,0.14814,23.97615,0.4767
4.02043,0.14814,24.0813,0.47423
4.02128,0.14814,23.66067,0.47175
4.02212,0.14814,23.55551,0.46928
4.02296,0.15069,23.87099,0.4668
4.0238,0.14814,24.18646,0.46433
4.02465,0.14814,23.97615,0.46186
4.02549,0.14814,23.55551,0.45939
4.0265,0.14814,23.76583,0.45691
4.02734,0.14814,24.0813,0.45444
4.02819,0.14814,24.29162,0.45196
4.02903,0.14814,24.0813,0.44949
4.02987,0.14814,23.76583,0.44701
4.03072,0.14814,23.66067,0.44454
4.03173,0.15069,23.87099,0.44206
4.03257,0.14814,23.97615,0.43959
4.03341,0.14814,23.97615,0.43711
4.03425,0.14814,23.97615,0.43464
4.03493,0.14814,23.87099,0.43217
4.03594,0.14814,23.66067,0.42969
4.03678,0.14814,23.87099,0.42722
4.03763,0.14814,23.97615,0.42474
4.03847,0.14814,23.87099,0.42227
4.03931,0.14814,23.87099,0.4198
4.04015,0.14814,23.87099,0.41732
4.041,0.14814,23.76583,0.41484
4.04184,0.15069,23.87099,0.41236
4.04268,0.14814,23.87099,0.40989
4.04353,0.14814,23.87099,0.40742
4.04437,0.15069,23.87099,0.40494
4.04521,0.14814,23.87099,0.40246
4.04605,0.14814,23.87099,0.39999
4.04673,0.14814,23.87099,0.39752
4.04757,0.14814,23.87099,0.39504
4.04841,0.15069,23.87099,0.39257
4.04926,0.14814,23.87099,0.39007
4.0501,0.15069,23.87099,0.3876
4.05094,0.14814,23.87099,0.38513
4.05162,0.14814,23.76583,0.38265
4.05246,0.14814,23.76583,0.38018
4.0533,0.14814,23.87099,0.3777
4.05415,0.14814,23.87099,0.37523
4.05499,0.14814,23.76583,0.37275
4.05566,0.15069,23.87099,0.37028
4.05651,0.14814,23.87099,0.3678
4.05718,0.14814,23.76583,0.36533
4.05802,0.14814,23.87099,0.36285
4.05887,0.14814,23.87099,0.36037
4.05954,0.14814,23.87099,0.3579
4.06038,0.14814,23.76583,0.35542
4.06106,0.14814,23.87099,0.35295
4.0619,0.14814,23.87099,0.35048
4.06257,0.14814,23.76583,0.348
4.06342,0.14814,23.76583,0.34553
4.06409,0.14814,23.87099,0.34306
4.06493,0.14814,23.97615,0.34058
4.06561,0.14814,23.87099,0.3381
4.06628,0.14814,23.76583,0.33563
4.06696,0.15069,23.97615,0.33315
4.06763,0.14814,23.97615,0.33068
4.06847,0.14814,23.76583,0.32821
4.06915,0.14814,23.76583,0.32574
4.06982,0.14814,23.97615,0.32326
4.0705,0.15069,23.97615,0.32079
4.07117,0.14814,23.66067,0.31831
4.07184,0.14814,23.87099,0.31584
4.07252,0.14814,23.97615,0.31337
4.07319,0.14814,24.0813,0.31088
4.07387,0.14814,23.87099,0.3084
4.07454,0.14814,23.87099,0.30593
4.07522,0.14814,23.76583,0.30346
4.07589,0.14814,23.87099,0.30098
4.0764,0.14814,24.0813,0.29851
4.07707,0.14814,23.97615,0.29603
4.07774,0.14814,23.87099,0.29355
4.07825,0.14814,23.87099,0.29108
4.07892,0.14814,23.76583,0.28861
4.07943,0.14814,23.87099,0.28613
4.0801,0.14814,23.87099,0.28365
4.08061,0.14814,23.87099,0.28118
4.08128,0.14814,23.87099,0.27871
4.08179,0.14814,23.87099,0.27623
4.0823,0.14814,23.97615,0.27376
4.0828,0.14814,23.97615,0.27128
4.08348,0.14814,23.87099,0.26881
4.08398,0.14814,23.76583,0.26633
4.08432,0.14814,23.76583,0.26386
4.08499,0.14814,23.87099,0.26138
4.0855,0.14814,23.87099,0.25892
4.08584,0.14814,23.76583,0.25644
4.08634,0.14814,23.87099,0.25397
4.08685,0.14814,23.97615,0.25149
4.08718,0.14814,23.87099,0.24901
4.08769,0.15069,23.87099,0.24654
4.0882,0.14814,23.87099,0.24405
4.08853,0.14814,23.76583,0.24158
4.08887,0.15069,23.87099,0.2391
4.08938,0.14814,23.87099,0.23663
4.08971,0.14814,23.97615,0.23416
4.09005,0.14814,23.76583,0.23168
4.09056,0.14814,23.87099,0.22921
4.09089,0.14814,23.97615,0.22674
4.09123,0.14814,23.87099,0.22426
4.09157,0.15069,23.87099,0.22178
4.0919,0.14814,23.97615,0.2193
4.09224,0.14814,23.97615,0.21683
4.09258,0.14814,23.76583,0.21436
4.09292,0.14814,23.76583,0.21187
4.09325,0.14814,23.97615,0.20939
4.09359,0.14814,24.0813,0.20692
4.09376,0.14814,23.87099,0.20445
4.0941,0.15069,23.76583,0.20197
4.09443,0.14814,23.97615,0.1995
4.09477,0.15069,23.97615,0.19702
4.09494,0.14814,23.87099,0.19455
4.09528,0.14814,23.76583,0.19207
4.09544,0.14814,23.97615,0.1896
4.09578,0.14814,23.97615,0.18713
4.09612,0.14814,23.87099,0.18466
4.09629,0.14814,23.66067,0.18217
4.09662,0.15069,23.97615,0.17969
4.09679,0.14814,24.18646,0.17722
4.09713,0.15069,23.97615,0.17474
4.09747,0.14814,23.55551,0.17227
4.09764,0.14814,23.66067,0.16979
4.09797,0.14814,23.97615,0.16732
4.09814,0.14814,24.0813,0.16485
4.09848,0.14814,23.97615,0.16238
4.09865,0.14814,23.55551,0.15991
4.09898,0.15069,23.76583,0.15744
4.09915,0.14814,23.97615,0.15496
4.09949,0.14814,24.18646,0.15249
4.09966,0.14814,24.0813,0.15001
4.1,0.15069,23.66067,0.14753
4.10016,0.14814,23.66067,0.14506
4.1005,0.14814,23.87099,0.14258
4.10067,0.14814,24.0813,0.1401
4.10101,0.15069,24.0813,0.13763
4.10134,0.14814,24.0813,0.13515
4.10151,0.14814,23.97615,0.13268
4.10185,0.14814,23.76583,0.1302
4.10202,0.14814,23.76583,0.12772
4.10235,0.14814,23.87099,0.12525
4.10252,0.14814,23.87099,0.12278
4.10286,0.14814,23.97615,0.12031
4.1032,0.14814,23.76583,0.11783
4.10337,0.14814,23.87099,0.11536
4.1037,0.14814,23.87099,0.11287
4.10387,0.14814,23.87099,0.1104
4.10421,0.14814,23.97615,0.10792
4.10455,0.14814,23.97615,0.10545
4.10471,0.14814,23.97615,0.10298
4.10505,0.14814,23.97615,0.1005
4.10539,0.14814,23.87099,0.09803
4.10556,0.14814,23.97615,0.09556
4.10589,0.14814,23.87099,0.09308
4.10623,0.14814,23.87099,0.09061
4.1064,0.14814,23.97615,0.08813
4.10674,0.14814,23.87099,0.08566
4.10707,0.14814,23.87099,0.08318
4.10741,0.14814,23.87099,0.08071
4.10775,0.14814,23.97615,0.07823
4.10809,0.14814,23.97615,0.07576
4.10825,0.14814,23.87099,0.07328
4.10859,0.14814,23.87099,0.07081
4.10893,0.14814,23.97615,0.06833
4.10927,0.14814,23.87099,0.06586
4.1096,0.15069,23.87099,0.06338
4.10994,0.14814,23.87099,0.06091
4.11028,0.14814,23.76583,0.05844
4.11061,0.14814,23.87099,0.05596
4.11095,0.14814,23.97615,0.05349
4.11129,0.14814,23.97615,0.05101
4.11163,0.14814,23.87099,0.04854
4.11196,0.14814,23.76583,0.04606
4.11247,0.14814,23.87099,0.04359
4.11281,0.14814,23.87099,0.0411
4.11314,0.14814,23.76583,0.03863
4.11348,0.14814,23.76583,0.03615
4.11382,0.14814,23.97615,0.03369
4.11432,0.14814,24.0813,0.03121
4.11466,0.14814,23.76583,0.02874
4.11517,0.14814,23.76583,0.02626
4.1155,0.14814,23.97615,0.02379
4.11584,0.14814,24.0813,0.02132
4.11635,0.14814,23.76583,0.01884
4.11668,0.14814,23.76583,0.01636
4.11719,0.14814,23.87099,0.01388
4.11769,0.15069,23.97615,0.01141
4.1182,0.14814,24.0813,0.00892
4.11854,0.14814,23.97615,0.00645
4.11904,0.14814,23.87099,0.00398
4.11955,0.14814,23.76583,0.0015
4.12005,0.14814,23.76583,0.00096
4.12039,0.14814,23.97615,0.00344
4.1209,0.14814,23.87099,0.00591
4.1214,0.14814,23.76583,0.00839
4.12191,0.14814,23.76583,0.01086
4.12241,0.14814,23.87099,0.01334
4.12309,0.14814,23.87099,0.01581
4.12359,0.14814,23.87099,0.01828
4.1241,0.14814,23.87099,0.02076
4.12477,0.14814,23.76583,0.02323
4.12528,0.14814,23.76583,0.0257
4.12595,0.14814,23.87099,0.02818
4.12646,0.14814,23.87099,0.03065
4.12713,0.14814,23.87099,0.03312
4.12764,0.14814,23.87099,0.0356
4.12831,0.14814,23.87099,0.03807
4.12899,0.14814,23.97615,0.04055
4.12966,0.14814,23.87099,0.04302
4.13034,0.14814,23.97615,0.0455
4.13101,0.14814,23.87099,0.04797
4.13169,0.14814,23.97615,0.05045
4.13253,0.14814,23.87099,0.05292
4.1332,0.15069,23.87099,0.0554
4.13388,0.14814,23.97615,0.05787
4.13472,0.14814,23.87099,0.06034
4.13556,0.14814,23.97615,0.06282
4.13624,0.14814,23.87099,0.0653
4.13708,0.14814,23.87099,0.06777
4.13792,0.14814,23.97615,0.07025
4.13876,0.14814,23.87099,0.07272
4.13961,0.14814,23.76583,0.0752
4.14045,0.14814,23.97615,0.07767
4.14129,0.14814,24.0813,0.08015
4.1423,0.15069,23.87099,0.08262
4.14315,0.15069,23.87099,0.0851
4.14416,0.14814,23.97615,0.08757
4.14517,0.14814,23.97615,0.09005
4.14618,0.14814,23.97615,0.09252
4.14719,0.14814,23.76583,0.09499
4.1482,0.14814,23.87099,0.09747
4.14922,0.14814,24.0813,0.09995
4.1504,0.14814,24.0813,0.10242
4.15141,0.14814,23.97615,0.1049
4.15259,0.15069,23.87099,0.10738
4.1536,0.14814,23.87099,0.10985
4.15478,0.14814,23.97615,0.11232
4.15613,0.14814,23.97615,0.11479
4.15731,0.14814,23.87099,0.11726
4.15849,0.14814,23.87099,0.11974
4.15984,0.15069,23.76583,0.12221
4.16102,0.14814,23.87099,0.12469
4.16236,0.14814,24.0813,0.12717
4.16371,0.14814,23.97615,0.12964
4.16506,0.14814,23.87099,0.13211
4.16658,0.14814,23.76583,0.13458
4.16793,0.14814,23.97615,0.13706
4.16944,0.14814,24.0813,0.13954
4.17096,0.15069,23.87099,0.14202
4.17248,0.14814,23.87099,0.14449
4.17399,0.14814,23.87099,0.14697
4.17551,0.14814,23.97615,0.14944
4.1772,0.15069,23.97615,0.15192
4.17888,0.15069,23.87099,0.15439
4.18057,0.14814,23.87099,0.15686
4.18225,0.14814,23.87099,0.15933
4.18394,0.14814,23.97615,0.1618
4.18563,0.14814,23.97615,0.16427
4.18748,0.14814,23.87099,0.16674
4.18933,0.15069,23.97615,0.16922
4.19119,0.14814,23.97615,0.17169
4.19321,0.14814,23.97615,0.17416
4.19507,0.15069,23.97615,0.17664
4.19709,0.14814,23.97615,0.17911
4.19911,0.15069,23.97615,0.1816
4.20012,0.1226,23.87099,0.18393
4.19995,0.09195,23.97615,0.18568
4.19995,0.07662,23.97615,0.18708
4.19979,0.06385,23.97615,0.18826
4.19979,0.05619,23.97615,0.18927
4.19995,0.05108,23.97615,0.19016
4.19979,0.04853,23.97615,0.1902
4.19726,0,23.87099,0.1902
